{
  "input": "data/raw/20260226_175118.jpg",
  "output": "data/march22hvp/20260226_175118_rectified.jpg",
  "vanishing_point": {
    "x": 1668.0834632412545,
    "y": -435.0398141797094
  },
  "vp_score": 135,
  "camera": {
    "focal_length_px": 4000.0,
    "cx": 2000.0,
    "cy": 1500.0,
    "image_size": [
      4000,
      3000
    ]
  },
  "camera_pose": {
    "pitch_deg": -25.81583780399417,
    "yaw_deg": -4.743486944143557
  },
  "metrics": {
    "verticality_error": {
      "before": 50.40291231621363,
      "after": 43.93615494543125,
      "unit": "degrees, lower=better"
    },
    "parallelism_std": {
      "before": 15.86207405035059,
      "after": 16.126565144414773,
      "unit": "degrees, lower=better"
    },
    "vp_residual_px": {
      "before": 1258.2960576947298,
      "after": 1691.1605704429348,
      "unit": "pixels, lower=better"
    },
    "vp_horizon_distance": {
      "before": 0.6544333995343321,
      "after": 0.6679814403189224,
      "unit": "normalized by height, higher=more tilt"
    }
  }
}