{
  "input": "data/raw/20260302_120728.jpg",
  "output": "data/march22hvp/20260302_120728_rectified.jpg",
  "vanishing_point": {
    "x": 1450.2553191489362,
    "y": 1336.2553191489362
  },
  "vp_score": 17,
  "camera": {
    "focal_length_px": 3000.0,
    "cx": 1500.0,
    "cy": 2000.0,
    "image_size": [
      3000,
      4000
    ]
  },
  "camera_pose": {
    "pitch_deg": -12.475617091261528,
    "yaw_deg": -0.9499663645508372
  },
  "metrics": {
    "verticality_error": {
      "before": 30.495364552809463,
      "after": 36.07429789051253,
      "unit": "degrees, lower=better"
    },
    "parallelism_std": {
      "before": 13.338054424301257,
      "after": 14.927721393580581,
      "unit": "degrees, lower=better"
    },
    "vp_residual_px": {
      "before": 408.8606574335803,
      "after": 570.5401080353132,
      "unit": "pixels, lower=better"
    },
    "vp_horizon_distance": {
      "before": 0.1664015351925604,
      "after": 0.5437616587434423,
      "unit": "normalized by height, higher=more tilt"
    }
  }
}