{
  "input": "data/raw/20260302_120531.jpg",
  "output": "data/march22hvp/20260302_120531_rectified.jpg",
  "vanishing_point": {
    "x": 1990.6848184818482,
    "y": -155.16254125412541
  },
  "vp_score": 53,
  "camera": {
    "focal_length_px": 4000.0,
    "cx": 2000.0,
    "cy": 1500.0,
    "image_size": [
      4000,
      3000
    ]
  },
  "camera_pose": {
    "pitch_deg": -22.479313656972273,
    "yaw_deg": -0.13342990538784216
  },
  "metrics": {
    "verticality_error": {
      "before": 36.76691878769914,
      "after": 37.44867489882801,
      "unit": "degrees, lower=better"
    },
    "parallelism_std": {
      "before": 16.225421067526767,
      "after": 12.432821984592561,
      "unit": "degrees, lower=better"
    },
    "vp_residual_px": {
      "before": 568.1430052261263,
      "after": 508.1969925098879,
      "unit": "pixels, lower=better"
    },
    "vp_horizon_distance": {
      "before": 0.5517295845870643,
      "after": 0.53988994323021,
      "unit": "normalized by height, higher=more tilt"
    }
  }
}