{
  "input": "data/raw/20260302_120524.jpg",
  "output": "data/march22hvp/20260302_120524_rectified.jpg",
  "vanishing_point": {
    "x": 1985.336612580384,
    "y": -731.7426855755717
  },
  "vp_score": 73,
  "camera": {
    "focal_length_px": 4000.0,
    "cx": 2000.0,
    "cy": 1500.0,
    "image_size": [
      4000,
      3000
    ]
  },
  "camera_pose": {
    "pitch_deg": -29.158706513313163,
    "yaw_deg": -0.21003661227634948
  },
  "metrics": {
    "verticality_error": {
      "before": 34.628726857257575,
      "after": 30.929189633718927,
      "unit": "degrees, lower=better"
    },
    "parallelism_std": {
      "before": 15.313091077329101,
      "after": 11.76551085734127,
      "unit": "degrees, lower=better"
    },
    "vp_residual_px": {
      "before": 413.6662507620925,
      "after": 974.0847085113294,
      "unit": "pixels, lower=better"
    },
    "vp_horizon_distance": {
      "before": 0.7439302856787563,
      "after": 0.5571070632750473,
      "unit": "normalized by height, higher=more tilt"
    }
  }
}