{
  "input": "data/raw/20260226_174942.jpg",
  "output": "data/march22hvp/20260226_174942_rectified.jpg",
  "vanishing_point": {
    "x": 1372.9899244332494,
    "y": 898.6221662468514
  },
  "vp_score": 79,
  "camera": {
    "focal_length_px": 3000.0,
    "cx": 1500.0,
    "cy": 2000.0,
    "image_size": [
      3000,
      4000
    ]
  },
  "camera_pose": {
    "pitch_deg": -20.159496083748333,
    "yaw_deg": -2.4242660390286646
  },
  "metrics": {
    "verticality_error": {
      "before": 35.1951775872012,
      "after": 39.71351462494726,
      "unit": "degrees, lower=better"
    },
    "parallelism_std": {
      "before": 10.13430250222301,
      "after": 9.205677293024706,
      "unit": "degrees, lower=better"
    },
    "vp_residual_px": {
      "before": 464.4363691801349,
      "after": 468.7629874755879,
      "unit": "pixels, lower=better"
    },
    "vp_horizon_distance": {
      "before": 0.27716925018594796,
      "after": 0.4984955941584888,
      "unit": "normalized by height, higher=more tilt"
    }
  }
}