{
  "input": "data/raw/20260226_174944.jpg",
  "output": "data/march22hvp/20260226_174944_rectified.jpg",
  "vanishing_point": {
    "x": 1475.6731123388581,
    "y": 882.5359116022099
  },
  "vp_score": 104,
  "camera": {
    "focal_length_px": 3000.0,
    "cx": 1500.0,
    "cy": 2000.0,
    "image_size": [
      3000,
      4000
    ]
  },
  "camera_pose": {
    "pitch_deg": -20.42976003729698,
    "yaw_deg": -0.4645991474546243
  },
  "metrics": {
    "verticality_error": {
      "before": 32.78340332245879,
      "after": 37.76718775800547,
      "unit": "degrees, lower=better"
    },
    "parallelism_std": {
      "before": 10.024732816922208,
      "after": 9.765728927802723,
      "unit": "degrees, lower=better"
    },
    "vp_residual_px": {
      "before": 416.8337128698767,
      "after": 549.8011577291766,
      "unit": "pixels, lower=better"
    },
    "vp_horizon_distance": {
      "before": 0.27943221296966436,
      "after": 0.5330279016040671,
      "unit": "normalized by height, higher=more tilt"
    }
  }
}