{
  "input": "data/raw/20260302_120213.jpg",
  "output": "data/march22hvp/20260302_120213_rectified.jpg",
  "vanishing_point": {
    "x": 1567.6586521378656,
    "y": -717.1359706265546
  },
  "vp_score": 27,
  "camera": {
    "focal_length_px": 4000.0,
    "cx": 2000.0,
    "cy": 1500.0,
    "image_size": [
      4000,
      3000
    ]
  },
  "camera_pose": {
    "pitch_deg": -28.998901687396373,
    "yaw_deg": -6.168885473762826
  },
  "metrics": {
    "verticality_error": {
      "before": 39.24734602115527,
      "after": 28.62659195160788,
      "unit": "degrees, lower=better"
    },
    "parallelism_std": {
      "before": 13.843302458702539,
      "after": 11.428159933531655,
      "unit": "degrees, lower=better"
    },
    "vp_residual_px": {
      "before": 997.5151194332922,
      "after": 803.9503826635762,
      "unit": "pixels, lower=better"
    },
    "vp_horizon_distance": {
      "before": 0.7529653196468098,
      "after": 0.7935365836936629,
      "unit": "normalized by height, higher=more tilt"
    }
  }
}