{
  "input": "data/raw/20260226_175127.jpg",
  "output": "data/outputallvp/20260226_175127_rectified.jpg",
  "vanishing_point": {
    "x": 1658.4119601328903,
    "y": -498.7840531561462
  },
  "vp_score": 187,
  "camera": {
    "focal_length_px": 4000.0,
    "cx": 2000.0,
    "cy": 1500.0,
    "image_size": [
      4000,
      3000
    ]
  },
  "camera_pose": {
    "pitch_deg": -26.551115758426896,
    "yaw_deg": -4.881045988614786
  },
  "metrics": {
    "verticality_error": {
      "before": 46.305057220473266,
      "after": 35.59033322575908,
      "unit": "degrees, lower=better"
    },
    "parallelism_std": {
      "before": 16.87202084953545,
      "after": 17.515814540258397,
      "unit": "degrees, lower=better"
    },
    "vp_residual_px": {
      "before": 946.2860439627988,
      "after": 1133.9851258396136,
      "unit": "pixels, lower=better"
    },
    "vp_horizon_distance": {
      "before": 0.6759207777486916,
      "after": 0.6594004101396755,
      "unit": "normalized by height, higher=more tilt"
    }
  }
}