{
  "input": "data/raw/20260226_174944.jpg",
  "output": "data/outputallvp/20260226_174944_rectified.jpg",
  "vanishing_point": {
    "x": 1468.4617825115738,
    "y": 882.4203761856971
  },
  "vp_score": 119,
  "camera": {
    "focal_length_px": 3000.0,
    "cx": 1500.0,
    "cy": 2000.0,
    "image_size": [
      3000,
      4000
    ]
  },
  "camera_pose": {
    "pitch_deg": -20.43169772448825,
    "yaw_deg": -0.6023133970440292
  },
  "metrics": {
    "verticality_error": {
      "before": 31.623851135488923,
      "after": 31.430619460835945,
      "unit": "degrees, lower=better"
    },
    "parallelism_std": {
      "before": 10.791190813169578,
      "after": 10.154519645276839,
      "unit": "degrees, lower=better"
    },
    "vp_residual_px": {
      "before": 428.9134144115281,
      "after": 288.31494723151565,
      "unit": "pixels, lower=better"
    },
    "vp_horizon_distance": {
      "before": 0.27950613530020074,
      "after": 0.013550351181236578,
      "unit": "normalized by height, higher=more tilt"
    }
  }
}