{
  "input": "data/raw/20260302_120734.jpg",
  "output": "data/outputallvp/20260302_120734_rectified.jpg",
  "vanishing_point": {
    "x": 1468.6212018906144,
    "y": 1649.2437542201214
  },
  "vp_score": 33,
  "camera": {
    "focal_length_px": 3000.0,
    "cx": 1500.0,
    "cy": 2000.0,
    "image_size": [
      3000,
      4000
    ]
  },
  "camera_pose": {
    "pitch_deg": -6.668673914214742,
    "yaw_deg": -0.5992690459369425
  },
  "metrics": {
    "verticality_error": {
      "before": 30.618676821477266,
      "after": 33.45427455372198,
      "unit": "degrees, lower=better"
    },
    "parallelism_std": {
      "before": 14.11132518991051,
      "after": 15.939140392178096,
      "unit": "degrees, lower=better"
    },
    "vp_residual_px": {
      "before": 388.7037563762682,
      "after": 1141.3038223626959,
      "unit": "pixels, lower=better"
    },
    "vp_horizon_distance": {
      "before": 0.08803925719685514,
      "after": 0.3873261604586341,
      "unit": "normalized by height, higher=more tilt"
    }
  }
}