{
  "input": "data/raw/20260302_120122.jpg",
  "output": "data/outputallvp/20260302_120122_rectified.jpg",
  "vanishing_point": {
    "x": 1487.2820290048787,
    "y": 836.7038027133597
  },
  "vp_score": 48,
  "camera": {
    "focal_length_px": 3000.0,
    "cx": 1500.0,
    "cy": 2000.0,
    "image_size": [
      3000,
      4000
    ]
  },
  "camera_pose": {
    "pitch_deg": -21.19456934603434,
    "yaw_deg": -0.24289389891825722
  },
  "metrics": {
    "verticality_error": {
      "before": 46.741195598661236,
      "after": 41.43894185675458,
      "unit": "degrees, lower=better"
    },
    "parallelism_std": {
      "before": 18.060592637318738,
      "after": 14.306767263707927,
      "unit": "degrees, lower=better"
    },
    "vp_residual_px": {
      "before": 493.5838249756292,
      "after": 737.0490335833653,
      "unit": "pixels, lower=better"
    },
    "vp_horizon_distance": {
      "before": 0.2908414290261738,
      "after": 0.8780948176695578,
      "unit": "normalized by height, higher=more tilt"
    }
  }
}