{
  "input": "data/raw/20260302_120039.jpg",
  "output": "data/outputallvp/20260302_120039_rectified.jpg",
  "vanishing_point": {
    "x": 73.81942698765671,
    "y": 354.8133359115666
  },
  "vp_score": 58,
  "camera": {
    "focal_length_px": 3000.0,
    "cx": 1500.0,
    "cy": 2000.0,
    "image_size": [
      3000,
      4000
    ]
  },
  "camera_pose": {
    "pitch_deg": -28.74016785332371,
    "yaw_deg": -25.426111862879477
  },
  "metrics": {
    "verticality_error": {
      "before": 32.62442389988444,
      "after": 31.571135682204936,
      "unit": "degrees, lower=better"
    },
    "parallelism_std": {
      "before": 17.477758355979397,
      "after": 8.736194508771822,
      "unit": "degrees, lower=better"
    },
    "vp_residual_px": {
      "before": 731.1720870468728,
      "after": 525.5341814906898,
      "unit": "pixels, lower=better"
    },
    "vp_horizon_distance": {
      "before": 0.5443247070070081,
      "after": 0.29090914216847474,
      "unit": "normalized by height, higher=more tilt"
    }
  }
}