{
  "input": "data/raw/20260302_120042.jpg",
  "output": "data/outputallvp/20260302_120042_rectified.jpg",
  "vanishing_point": {
    "x": 1747.4436198595479,
    "y": 784.6504952620443
  },
  "vp_score": 84,
  "camera": {
    "focal_length_px": 3000.0,
    "cx": 1500.0,
    "cy": 2000.0,
    "image_size": [
      3000,
      4000
    ]
  },
  "camera_pose": {
    "pitch_deg": -22.05368168595308,
    "yaw_deg": 4.715151730624419
  },
  "metrics": {
    "verticality_error": {
      "before": 35.69187650051361,
      "after": 35.8123778341367,
      "unit": "degrees, lower=better"
    },
    "parallelism_std": {
      "before": 16.7930875409795,
      "after": 16.565042227487886,
      "unit": "degrees, lower=better"
    },
    "vp_residual_px": {
      "before": 709.988131108354,
      "after": 670.7038990996859,
      "unit": "pixels, lower=better"
    },
    "vp_horizon_distance": {
      "before": 0.3100708350195958,
      "after": 0.11902921640818226,
      "unit": "normalized by height, higher=more tilt"
    }
  }
}