{
  "input": "data/raw/20260226_174429.jpg",
  "output": "data/outputallvp/20260226_174429_rectified.jpg",
  "vanishing_point": {
    "x": 1064.1188780053428,
    "y": 1746.519145146928
  },
  "vp_score": 37,
  "camera": {
    "focal_length_px": 1398.0,
    "cx": 699.0,
    "cy": 1797.5,
    "image_size": [
      1398,
      3595
    ]
  },
  "camera_pose": {
    "pitch_deg": -2.0884792805882135,
    "yaw_deg": 14.637113117516373
  },
  "metrics": {
    "verticality_error": {
      "before": 16.61291447031718,
      "after": 15.526915120067102,
      "unit": "degrees, lower=better"
    },
    "parallelism_std": {
      "before": 6.290976596809768,
      "after": 9.55334389374522,
      "unit": "degrees, lower=better"
    },
    "vp_residual_px": {
      "before": 224.76013944840702,
      "after": 282.29188910222285,
      "unit": "pixels, lower=better"
    },
    "vp_horizon_distance": {
      "before": 0.10254822741363746,
      "after": 0.2588520066587243,
      "unit": "normalized by height, higher=more tilt"
    }
  }
}