{
  "input": "data/raw/20260226_174942.jpg",
  "output": "data/outputallvp/20260226_174942_rectified.jpg",
  "vanishing_point": {
    "x": 1364.3484065710802,
    "y": 896.7325129157717
  },
  "vp_score": 76,
  "camera": {
    "focal_length_px": 3000.0,
    "cx": 1500.0,
    "cy": 2000.0,
    "image_size": [
      3000,
      4000
    ]
  },
  "camera_pose": {
    "pitch_deg": -20.191292834837895,
    "yaw_deg": -2.588991077525597
  },
  "metrics": {
    "verticality_error": {
      "before": 34.50091812470866,
      "after": 37.50674245786638,
      "unit": "degrees, lower=better"
    },
    "parallelism_std": {
      "before": 10.60278937424301,
      "after": 10.783547258218231,
      "unit": "degrees, lower=better"
    },
    "vp_residual_px": {
      "before": 477.4779109923109,
      "after": 592.5100787168611,
      "unit": "pixels, lower=better"
    },
    "vp_horizon_distance": {
      "before": 0.27789392117957445,
      "after": 0.4745328373574785,
      "unit": "normalized by height, higher=more tilt"
    }
  }
}