{
  "input": "data/raw/20260226_174950.jpg",
  "output": "data/outputallvp/20260226_174950_rectified.jpg",
  "vanishing_point": {
    "x": 384.1330287929125,
    "y": -2100.564507198228
  },
  "vp_score": 196,
  "camera": {
    "focal_length_px": 3000.0,
    "cx": 1500.0,
    "cy": 2000.0,
    "image_size": [
      3000,
      4000
    ]
  },
  "camera_pose": {
    "pitch_deg": -53.81055181645544,
    "yaw_deg": -20.402969193467143
  },
  "metrics": {
    "verticality_error": {
      "before": 22.189708075630577,
      "after": 23.297940323480436,
      "unit": "degrees, lower=better"
    },
    "parallelism_std": {
      "before": 9.213641350435015,
      "after": 67.81811849105873,
      "unit": "degrees, lower=better"
    },
    "vp_residual_px": {
      "before": 655.2021433829576,
      "after": 842.2733756918599,
      "unit": "pixels, lower=better"
    },
    "vp_horizon_distance": {
      "before": 1.0624202433337269,
      "after": 0.33844952688151464,
      "unit": "normalized by height, higher=more tilt"
    }
  }
}