{
  "input": "data/raw/20260226_174828.jpg",
  "output": "data/outputallvp/20260226_174828_rectified.jpg",
  "vanishing_point": {
    "x": 1585.3665242925788,
    "y": 307.68553123331554
  },
  "vp_score": 200,
  "camera": {
    "focal_length_px": 3000.0,
    "cx": 1500.0,
    "cy": 2000.0,
    "image_size": [
      3000,
      4000
    ]
  },
  "camera_pose": {
    "pitch_deg": -29.427554582190915,
    "yaw_deg": 1.6299406831884047
  },
  "metrics": {
    "verticality_error": {
      "before": 32.92464381048972,
      "after": 25.61114442890088,
      "unit": "degrees, lower=better"
    },
    "parallelism_std": {
      "before": 11.643667399882338,
      "after": 11.982835366095964,
      "unit": "degrees, lower=better"
    },
    "vp_residual_px": {
      "before": 981.3440871285045,
      "after": 802.9454005930427,
      "unit": "pixels, lower=better"
    },
    "vp_horizon_distance": {
      "before": 0.4236165501272097,
      "after": 0.6148145855872084,
      "unit": "normalized by height, higher=more tilt"
    }
  }
}